Province,Count
Anhui Province,2
Anhui Province,2
Beijing Municipality,49
Chongqing Municipality,2
Fujian Province,3
Gansu province,0
Gansu province,0
Guangdong Province,1
Guangdong Province,1
Guangdong Province,1
Guangxi Zhuang Autonomous Region,0
Guangxi Zhuang Autonomous Region,0
Guizhou Province,0
Hainan Province,1
Hainan Province,1
Hebei Province,0
Hebei Province,0
Heilongjiang Province,0
Heilongjiang Province,0
Henan Province,1
Henan Province,1
Hong Kong Special Administrative Region,9
Hubei Province,1
Hubei Province,1
Hunan Province,0
Hunan Province,0
Inner Mongolia Autonomous Region,0
Inner Mongolia Autonomous Region,0
Jiangsu Province,8
Jiangsu Province,8
Jiangxi Province,0
Jiangxi Province,0
Jilin Province,1
Liaoning Province,0
Liaoning Province,0
Macao Special Administrative Region,0
Ningxia Hui Autonomous Region,0
Qinghai Province,0
Shaanxi Province,1
Shaanxi Province,1
Shandong Province,9
Shandong Province,9
Shanghai Municipality,45
Shanxi Province,0
Shanxi Province,0
Sichuan Province,2
Sichuan Province,2
Sichuan Province,2
Taiwan Province,0
Tianjin Municipality,8
Tibet Autonomous Region,0
Xinjiang Uygur Autonomous Region,0
Xinjiang Uygur Autonomous Region,0
Yunnan Province,0
Yunnan Province,0
Zhejiang Province,5
Zhejiang Province,5
